{
  "pattern": {
    "panels": {
      "panel_3": {
        "translation": [
          -2.2660405460164945,
          148.03760118716255,
          5.787210288026608
        ],
        "rotation": [
          -7.277461940707217,
          -22.254405977027766,
          93.91683942747595
        ],
        "vertices": [
          [
            0.3695199064906216,
            -0.11479451807369223
          ],
          [
            4.394667172606454,
            1.2260089573121018
          ],
          [
            -38.995513792849124,
            -3.4370776979229554
          ],
          [
            -49.823439062412106,
            17.542858376517017
          ]
        ],
        "edges": [
          {
            "endpoints": [
              0,
              1
            ],
            "curvature": {
              "type": "cubic",
              "params": [
                [
                  -14.652692006437919,
                  17.447948752014618
                ],
                [
                  8.70450522858185,
                  -0.926928574089846
                ]
              ]
            }
          },
          {
            "endpoints": [
              1,
              2
            ],
            "curvature": {
              "type": "cubic",
              "params": [
                [
                  0.2984682903088344,
                  0.007688055307762116
                ],
                [
                  -0.3951595585204969,
                  0.08777412009202575
                ]
              ]
            }
          },
          {
            "endpoints": [
              2,
              3
            ],
            "curvature": {
              "type": "cubic",
              "params": [
                [
                  0.483480069902016,
                  0.057032873673017195
                ],
                [
                  0.9276487083561824,
                  -0.13948784796552582
                ]
              ]
            }
          },
          {
            "endpoints": [
              3,
              0
            ],
            "curvature": {
              "type": "cubic",
              "params": [
                [
                  0.9635195173484579,
                  0.9266689965678883
                ],
                [
                  0.9758666294269601,
                  -0.10324050170195319
                ]
              ]
            }
          }
        ]
      },
      "panel_4": {
        "translation": [
          0.37268050756296134,
          143.7379428409554,
          8.507068270454408
        ],
        "rotation": [
          -6.728448903016848,
          23.508859999159963,
          99.32367519688191
        ],
        "vertices": [
          [
            0.46677455479398944,
            0.23485573167939577
          ],
          [
            7.195590099552913,
            -7.19243924033544
          ],
          [
            12.782149724632575,
            -14.604025620069272
          ],
          [
            -18.200611417051896,
            -20.735460716487232
          ],
          [
            -21.539532197451692,
            -18.437342407205396
          ],
          [
            -26.30667068390806,
            8.519846513412254
          ],
          [
            0.08450367433468386,
            0.3720526651806768
          ]
        ],
        "edges": [
          {
            "endpoints": [
              0,
              1
            ],
            "curvature": {
              "type": "cubic",
              "params": [
                [
                  1.6001340973920914,
                  -0.0788371286999112
                ],
                [
                  0.38177122373965655,
                  -0.004662934610620224
                ]
              ]
            }
          },
          {
            "endpoints": [
              1,
              2
            ],
            "curvature": {
              "type": "cubic",
              "params": [
                [
                  0.21109347031935574,
                  -0.15909649711874244
                ],
                [
                  -0.0246361519825853,
                  0.4438723094252981
                ]
              ]
            }
          },
          {
            "endpoints": [
              2,
              3
            ],
            "curvature": {
              "type": "cubic",
              "params": [
                [
                  -0.3740714580330155,
                  -0.21757663936585314
                ],
                [
                  1.2292973017348654,
                  0.73754337316644
                ]
              ]
            }
          },
          {
            "endpoints": [
              3,
              4
            ],
            "curvature": {
              "type": "cubic",
              "params": [
                [
                  0.39459570933393157,
                  0.04560564634512051
                ],
                [
                  -0.9472717759410539,
                  -0.06538639032366886
                ]
              ]
            }
          },
          {
            "endpoints": [
              4,
              5
            ],
            "curvature": {
              "type": "cubic",
              "params": [
                [
                  0.5488852975854734,
                  0.6840031361232486
                ],
                [
                  1.1280333923392316,
                  0.9996814258347129
                ]
              ]
            }
          },
          {
            "endpoints": [
              5,
              6
            ],
            "curvature": {
              "type": "cubic",
              "params": [
                [
                  0.7327507263143683,
                  -0.009295316691939655
                ],
                [
                  1.2533184319894333,
                  -0.011612963231795396
                ]
              ]
            }
          },
          {
            "endpoints": [
              6,
              0
            ],
            "curvature": {
              "type": "cubic",
              "params": [
                [
                  -0.8263817683659477,
                  -8.272788404027402e-08
                ],
                [
                  1.4093929301933277,
                  -1.0125728080712753e-07
                ]
              ]
            }
          }
        ]
      },
      "panel_0": {
        "translation": [
          -19.40822965569137,
          99.6298380369013,
          -6.959615759881816
        ],
        "rotation": [
          -179.2094759460054,
          -12.468297550880935,
          -1.4728929068430794
        ],
        "vertices": [
          [
            -0.2944530258425466,
            -0.9974878147074548
          ],
          [
            24.763271412370912,
            1.5563886402719262
          ],
          [
            26.25719746147973,
            2.00256819287398
          ],
          [
            29.969702344576095,
            2.416918406293597
          ],
          [
            30.356314279346996,
            2.4507834718617474
          ],
          [
            46.510495347523474,
            13.480619514348628
          ]
        ],
        "edges": [
          {
            "endpoints": [
              0,
              1
            ],
            "curvature": {
              "type": "cubic",
              "params": [
                [
                  0.3340326605055857,
                  0.013713866854148424
                ],
                [
                  -0.26548555786250305,
                  -0.03994936575686482
                ]
              ]
            }
          },
          {
            "endpoints": [
              1,
              2
            ],
            "curvature": {
              "type": "cubic",